id,nameVi,dataset,externalResource
VBSP,Ngân hàng Chính sách Xã hội Việt Nam,Wikidata,http://www.wikidata.org/entity/Q10800262
AGRIBANK,Ngân hàng Nông nghiệp và Phát triển Nông thôn Việt Nam,DBpedia,http://dbpedia.org/resource/Agribank_(Vietnam)
AGRIBANK,Ngân hàng Nông nghiệp và Phát triển Nông thôn Việt Nam,Wikidata,http://www.wikidata.org/entity/Q1924723
VDB,Ngân hàng Phát triển Việt Nam,Wikidata,http://www.wikidata.org/entity/Q10800267
ABBANK,Ngân hàng TMCP An Bình,Wikidata,http://www.wikidata.org/entity/Q10800288
VIETINBANK,Ngân hàng TMCP Công thương Việt Nam,DBpedia,http://dbpedia.org/resource/Vietinbank
VIETINBANK,Ngân hàng TMCP Công thương Việt Nam,Wikidata,http://www.wikidata.org/entity/Q7928459
MSB,Ngân hàng TMCP Hàng Hải Việt Nam,Wikidata,http://www.wikidata.org/entity/Q10800277
TECHCOMBANK,Ngân hàng TMCP Kỹ thương Việt Nam,DBpedia,http://dbpedia.org/resource/Techcombank
TECHCOMBANK,Ngân hàng TMCP Kỹ thương Việt Nam,Wikidata,http://www.wikidata.org/entity/Q10541776
LPBANK,Ngân hàng TMCP Lộc Phát Việt Nam,Wikidata,http://www.wikidata.org/entity/Q15729124
NAMABANK,Ngân hàng TMCP Nam Á,Wikidata,http://www.wikidata.org/entity/Q10800266
VIETCOMBANK,Ngân hàng TMCP Ngoại thương Việt Nam,DBpedia,http://dbpedia.org/resource/Vietcombank
VIETCOMBANK,Ngân hàng TMCP Ngoại thương Việt Nam,Wikidata,http://www.wikidata.org/entity/Q6122995
HDBANK,Ngân hàng TMCP Phát triển Thành phố Hồ Chí Minh,Wikidata,http://www.wikidata.org/entity/Q10800273
OCB,Ngân hàng TMCP Phương Đông,DBpedia,http://dbpedia.org/resource/Orient_Commercial_Joint_Stock_Bank
OCB,Ngân hàng TMCP Phương Đông,Wikidata,http://www.wikidata.org/entity/Q7102288
MBBANK,Ngân hàng TMCP Quân đội,Wikidata,http://www.wikidata.org/entity/Q10800269
VIB,Ngân hàng TMCP Quốc tế Việt Nam,Wikidata,http://www.wikidata.org/entity/Q49054349
SCB,Ngân hàng TMCP Sài Gòn,Wikidata,http://www.wikidata.org/entity/Q101575325
SHB,Ngân hàng TMCP Sài Gòn - Hà Nội,Wikidata,http://www.wikidata.org/entity/Q124465825
SACOMBANK,Ngân hàng TMCP Sài Gòn Thương Tín,Wikidata,http://www.wikidata.org/entity/Q6123772
TPBANK,Ngân hàng TMCP Tiên Phong,Wikidata,http://www.wikidata.org/entity/Q7801033
VPBANK,Ngân hàng TMCP Việt Nam Thịnh Vượng,Wikidata,http://www.wikidata.org/entity/Q20025914
EXIMBANK,Ngân hàng TMCP Xuất Nhập khẩu Việt Nam,DBpedia,http://dbpedia.org/resource/Eximbank_(Vietnam)
EXIMBANK,Ngân hàng TMCP Xuất Nhập khẩu Việt Nam,Wikidata,http://www.wikidata.org/entity/Q10800271
ACB,Ngân hàng TMCP Á Châu,DBpedia,http://dbpedia.org/resource/Asia_Commercial_Bank
ACB,Ngân hàng TMCP Á Châu,Wikidata,http://www.wikidata.org/entity/Q727019
SEABANK,Ngân hàng TMCP Đông Nam Á,Wikidata,http://www.wikidata.org/entity/Q10800276
PVCOMBANK,Ngân hàng TMCP Đại Chúng Việt Nam,Wikidata,http://www.wikidata.org/entity/Q65171780
BIDV,Ngân hàng TMCP Đầu tư và Phát triển Việt Nam,DBpedia,http://dbpedia.org/resource/Bank_for_Investment_and_Development_of_Vietnam
BIDV,Ngân hàng TMCP Đầu tư và Phát triển Việt Nam,Wikidata,http://www.wikidata.org/entity/Q1003180
