id,nameVi
VBSP,Ngân hàng Chính sách Xã hội Việt Nam
AGRIBANK,Ngân hàng Nông nghiệp và Phát triển Nông thôn Việt Nam
VDB,Ngân hàng Phát triển Việt Nam
ABBANK,Ngân hàng TMCP An Bình
BACABANK,Ngân hàng TMCP Bắc Á
VIETINBANK,Ngân hàng TMCP Công thương Việt Nam
MSB,Ngân hàng TMCP Hàng Hải Việt Nam
TECHCOMBANK,Ngân hàng TMCP Kỹ thương Việt Nam
LPBANK,Ngân hàng TMCP Lộc Phát Việt Nam
VIETCOMBANK,Ngân hàng TMCP Ngoại thương Việt Nam
MBBANK,Ngân hàng TMCP Quân đội
NCB,Ngân hàng TMCP Quốc Dân
SHB,Ngân hàng TMCP Sài Gòn - Hà Nội
TPBANK,Ngân hàng TMCP Tiên Phong
VPBANK,Ngân hàng TMCP Việt Nam Thịnh Vượng
SEABANK,Ngân hàng TMCP Đông Nam Á
PVCOMBANK,Ngân hàng TMCP Đại Chúng Việt Nam
BIDV,Ngân hàng TMCP Đầu tư và Phát triển Việt Nam
MBV,Ngân hàng TNHH MTV Việt Nam Hiện Đại
GPBANK,Ngân hàng Thương mại TNHH MTV Kỷ Nguyên Thịnh Vượng
