id,nameVi,nameEn,typeEn
VBSP,Ngân hàng Chính sách Xã hội Việt Nam,Vietnam Bank for Social Policies,Policy bank
AGRIBANK,Ngân hàng Nông nghiệp và Phát triển Nông thôn Việt Nam,Vietnam Bank for Agriculture and Rural Development,State-owned or state-controlled commercial bank
VDB,Ngân hàng Phát triển Việt Nam,Vietnam Development Bank,Policy bank
ABBANK,Ngân hàng TMCP An Bình,An Binh Commercial Joint Stock Bank,Joint-stock commercial bank
BACABANK,Ngân hàng TMCP Bắc Á,Bac A Commercial Joint Stock Bank,Joint-stock commercial bank
VIETINBANK,Ngân hàng TMCP Công thương Việt Nam,Vietnam Joint Stock Commercial Bank for Industry and Trade,State-owned or state-controlled commercial bank
MSB,Ngân hàng TMCP Hàng Hải Việt Nam,Vietnam Maritime Commercial Joint Stock Bank,Joint-stock commercial bank
TECHCOMBANK,Ngân hàng TMCP Kỹ thương Việt Nam,Vietnam Technological and Commercial Joint Stock Bank,Joint-stock commercial bank
LPBANK,Ngân hàng TMCP Lộc Phát Việt Nam,Fortune Vietnam Joint Stock Commercial Bank,Joint-stock commercial bank
NAMABANK,Ngân hàng TMCP Nam Á,Nam A Commercial Joint Stock Bank,Joint-stock commercial bank
VIETCOMBANK,Ngân hàng TMCP Ngoại thương Việt Nam,Joint Stock Commercial Bank for Foreign Trade of Vietnam,State-owned or state-controlled commercial bank
HDBANK,Ngân hàng TMCP Phát triển Thành phố Hồ Chí Minh,Ho Chi Minh City Development Joint Stock Commercial Bank,Joint-stock commercial bank
OCB,Ngân hàng TMCP Phương Đông,Orient Commercial Joint Stock Bank,Joint-stock commercial bank
MBBANK,Ngân hàng TMCP Quân đội,Military Commercial Joint Stock Bank,Joint-stock commercial bank
NCB,Ngân hàng TMCP Quốc Dân,National Citizen Commercial Joint Stock Bank,Joint-stock commercial bank
VIB,Ngân hàng TMCP Quốc tế Việt Nam,Vietnam International Commercial Joint Stock Bank,Joint-stock commercial bank
SCB,Ngân hàng TMCP Sài Gòn,Saigon Joint Stock Commercial Bank,Joint-stock commercial bank
SHB,Ngân hàng TMCP Sài Gòn - Hà Nội,Saigon-Hanoi Commercial Joint Stock Bank,Joint-stock commercial bank
SACOMBANK,Ngân hàng TMCP Sài Gòn Thương Tín,Saigon Thuong Tin Commercial Joint Stock Bank,Joint-stock commercial bank
TPBANK,Ngân hàng TMCP Tiên Phong,Tien Phong Commercial Joint Stock Bank,Joint-stock commercial bank
VPBANK,Ngân hàng TMCP Việt Nam Thịnh Vượng,Vietnam Prosperity Joint Stock Commercial Bank,Joint-stock commercial bank
EXIMBANK,Ngân hàng TMCP Xuất Nhập khẩu Việt Nam,Vietnam Export Import Commercial Joint Stock Bank,Joint-stock commercial bank
ACB,Ngân hàng TMCP Á Châu,Asia Commercial Joint Stock Bank,Joint-stock commercial bank
SEABANK,Ngân hàng TMCP Đông Nam Á,Southeast Asia Commercial Joint Stock Bank,Joint-stock commercial bank
PVCOMBANK,Ngân hàng TMCP Đại Chúng Việt Nam,Vietnam Public Joint Stock Commercial Bank,Joint-stock commercial bank
BIDV,Ngân hàng TMCP Đầu tư và Phát triển Việt Nam,Joint Stock Commercial Bank for Investment and Development of Vietnam,State-owned or state-controlled commercial bank
VCBNEO,Ngân hàng TNHH MTV Ngoại thương Công nghệ số,Vietcombank Neo,State-owned or state-controlled commercial bank
SHINHANVN,Ngân hàng TNHH MTV Shinhan Việt Nam,Shinhan Bank Vietnam Limited,Wholly foreign-owned bank
MBV,Ngân hàng TNHH MTV Việt Nam Hiện Đại,Modern Bank of Vietnam,Privately owned domestic commercial bank
GPBANK,Ngân hàng Thương mại TNHH MTV Kỷ Nguyên Thịnh Vượng,Generation of Prosperity Sole Member Limited Commercial Bank,Privately owned domestic commercial bank
