id,nameVi,foundedYear,wikidata,wikidataLabel,wikidataInception
VBSP,Ngân hàng Chính sách Xã hội Việt Nam,2002,http://www.wikidata.org/entity/Q10800262,VBSP,2002-10-04T00:00:00+00:00
AGRIBANK,Ngân hàng Nông nghiệp và Phát triển Nông thôn Việt Nam,1988,http://www.wikidata.org/entity/Q1924723,Agribank,1988-03-26T00:00:00+00:00
VDB,Ngân hàng Phát triển Việt Nam,2006,http://www.wikidata.org/entity/Q10800267,VDB,2006-05-19T00:00:00+00:00
ABBANK,Ngân hàng TMCP An Bình,1993,http://www.wikidata.org/entity/Q10800288,An Binh Bank,1993-05-13T00:00:00+00:00
VIETINBANK,Ngân hàng TMCP Công thương Việt Nam,1988,http://www.wikidata.org/entity/Q7928459,Vietinbank,1988-01-01T00:00:00+00:00
MSB,Ngân hàng TMCP Hàng Hải Việt Nam,1991,http://www.wikidata.org/entity/Q10800277,Vietnam Maritime Commercial Joint Stock Bank,
TECHCOMBANK,Ngân hàng TMCP Kỹ thương Việt Nam,1993,http://www.wikidata.org/entity/Q10541776,Techcombank,
LPBANK,Ngân hàng TMCP Lộc Phát Việt Nam,2008,http://www.wikidata.org/entity/Q15729124,LPBank,2008-03-01T00:00:00+00:00
NAMABANK,Ngân hàng TMCP Nam Á,1992,http://www.wikidata.org/entity/Q10800266,Nam A Bank,1992-10-21T00:00:00+00:00
VIETCOMBANK,Ngân hàng TMCP Ngoại thương Việt Nam,1963,http://www.wikidata.org/entity/Q6122995,Vietcombank,1963-01-04T00:00:00+00:00
HDBANK,Ngân hàng TMCP Phát triển Thành phố Hồ Chí Minh,1990,http://www.wikidata.org/entity/Q10800273,HDBank,
OCB,Ngân hàng TMCP Phương Đông,1996,http://www.wikidata.org/entity/Q7102288,Orient Commercial Joint Stock Bank,1996-06-10T00:00:00+00:00
MBBANK,Ngân hàng TMCP Quân đội,1994,http://www.wikidata.org/entity/Q10800269,MB Bank,
VIB,Ngân hàng TMCP Quốc tế Việt Nam,1996,http://www.wikidata.org/entity/Q49054349,Vietnam International Commercial Joint Stock Bank,1996-09-18T00:00:00+00:00
SCB,Ngân hàng TMCP Sài Gòn,2012,http://www.wikidata.org/entity/Q101575325,Saigon Joint Stock Commercial Bank,2012-01-01T00:00:00+00:00
SHB,Ngân hàng TMCP Sài Gòn - Hà Nội,1993,http://www.wikidata.org/entity/Q124465825,Saigon-Hanoi Commercial Joint Stock Bank,1993-11-13T00:00:00+00:00
SACOMBANK,Ngân hàng TMCP Sài Gòn Thương Tín,1991,http://www.wikidata.org/entity/Q6123772,Sacombank,
TPBANK,Ngân hàng TMCP Tiên Phong,2008,http://www.wikidata.org/entity/Q7801033,Tien Phong Bank,2008-01-01T00:00:00+00:00
VPBANK,Ngân hàng TMCP Việt Nam Thịnh Vượng,1993,http://www.wikidata.org/entity/Q20025914,Vietnam Prosperity Joint-Stock Commercial Bank,1993-08-12T00:00:00+00:00
EXIMBANK,Ngân hàng TMCP Xuất Nhập khẩu Việt Nam,1989,http://www.wikidata.org/entity/Q10800271,Eximbank,
ACB,Ngân hàng TMCP Á Châu,1993,http://www.wikidata.org/entity/Q727019,Asia Commercial Bank,1993-01-01T00:00:00+00:00
SEABANK,Ngân hàng TMCP Đông Nam Á,1994,http://www.wikidata.org/entity/Q10800276,SeABank,1994-01-01T00:00:00+00:00
PVCOMBANK,Ngân hàng TMCP Đại Chúng Việt Nam,2013,http://www.wikidata.org/entity/Q65171780,PVcomBank,2013-09-16T00:00:00+00:00
BIDV,Ngân hàng TMCP Đầu tư và Phát triển Việt Nam,1957,http://www.wikidata.org/entity/Q1003180,Bank for Investment and Development of Vietnam,1957-04-26T00:00:00+00:00
