bank_id,service_id,mapping_basis
abbank,card,"category_based (theo loại ngân hàng, chưa đối chiếu từng website)"
abbank,corporate-banking,"category_based (theo loại ngân hàng, chưa đối chiếu từng website)"
abbank,deposit-savings,"category_based (theo loại ngân hàng, chưa đối chiếu từng website)"
abbank,digital-banking,"category_based (theo loại ngân hàng, chưa đối chiếu từng website)"
abbank,payment-transfer,"category_based (theo loại ngân hàng, chưa đối chiếu từng website)"
abbank,retail-loan,"category_based (theo loại ngân hàng, chưa đối chiếu từng website)"
abbank,trade-finance,"category_based (theo loại ngân hàng, chưa đối chiếu từng website)"
acb,card,"category_based (theo loại ngân hàng, chưa đối chiếu từng website)"
acb,corporate-banking,"category_based (theo loại ngân hàng, chưa đối chiếu từng website)"
acb,deposit-savings,"category_based (theo loại ngân hàng, chưa đối chiếu từng website)"
acb,digital-banking,"category_based (theo loại ngân hàng, chưa đối chiếu từng website)"
acb,payment-transfer,"category_based (theo loại ngân hàng, chưa đối chiếu từng website)"
acb,retail-loan,"category_based (theo loại ngân hàng, chưa đối chiếu từng website)"
acb,trade-finance,"category_based (theo loại ngân hàng, chưa đối chiếu từng website)"
agribank,card,"category_based (theo loại ngân hàng, chưa đối chiếu từng website)"
agribank,corporate-banking,"category_based (theo loại ngân hàng, chưa đối chiếu từng website)"
agribank,deposit-savings,"category_based (theo loại ngân hàng, chưa đối chiếu từng website)"
agribank,digital-banking,"category_based (theo loại ngân hàng, chưa đối chiếu từng website)"
agribank,payment-transfer,"category_based (theo loại ngân hàng, chưa đối chiếu từng website)"
agribank,retail-loan,"category_based (theo loại ngân hàng, chưa đối chiếu từng website)"
agribank,trade-finance,"category_based (theo loại ngân hàng, chưa đối chiếu từng website)"
bacabank,card,"category_based (theo loại ngân hàng, chưa đối chiếu từng website)"
bacabank,corporate-banking,"category_based (theo loại ngân hàng, chưa đối chiếu từng website)"
bacabank,deposit-savings,"category_based (theo loại ngân hàng, chưa đối chiếu từng website)"
bacabank,digital-banking,"category_based (theo loại ngân hàng, chưa đối chiếu từng website)"
bacabank,payment-transfer,"category_based (theo loại ngân hàng, chưa đối chiếu từng website)"
bacabank,retail-loan,"category_based (theo loại ngân hàng, chưa đối chiếu từng website)"
bacabank,trade-finance,"category_based (theo loại ngân hàng, chưa đối chiếu từng website)"
bidv,card,"category_based (theo loại ngân hàng, chưa đối chiếu từng website)"
bidv,corporate-banking,"category_based (theo loại ngân hàng, chưa đối chiếu từng website)"
bidv,deposit-savings,"category_based (theo loại ngân hàng, chưa đối chiếu từng website)"
bidv,digital-banking,"category_based (theo loại ngân hàng, chưa đối chiếu từng website)"
bidv,payment-transfer,"category_based (theo loại ngân hàng, chưa đối chiếu từng website)"
bidv,retail-loan,"category_based (theo loại ngân hàng, chưa đối chiếu từng website)"
bidv,trade-finance,"category_based (theo loại ngân hàng, chưa đối chiếu từng website)"
eximbank,card,"category_based (theo loại ngân hàng, chưa đối chiếu từng website)"
eximbank,corporate-banking,"category_based (theo loại ngân hàng, chưa đối chiếu từng website)"
eximbank,deposit-savings,"category_based (theo loại ngân hàng, chưa đối chiếu từng website)"
eximbank,digital-banking,"category_based (theo loại ngân hàng, chưa đối chiếu từng website)"
eximbank,payment-transfer,"category_based (theo loại ngân hàng, chưa đối chiếu từng website)"
eximbank,retail-loan,"category_based (theo loại ngân hàng, chưa đối chiếu từng website)"
eximbank,trade-finance,"category_based (theo loại ngân hàng, chưa đối chiếu từng website)"
gpbank,card,"category_based (theo loại ngân hàng, chưa đối chiếu từng website)"
gpbank,corporate-banking,"category_based (theo loại ngân hàng, chưa đối chiếu từng website)"
gpbank,deposit-savings,"category_based (theo loại ngân hàng, chưa đối chiếu từng website)"
gpbank,digital-banking,"category_based (theo loại ngân hàng, chưa đối chiếu từng website)"
gpbank,payment-transfer,"category_based (theo loại ngân hàng, chưa đối chiếu từng website)"
gpbank,retail-loan,"category_based (theo loại ngân hàng, chưa đối chiếu từng website)"
gpbank,trade-finance,"category_based (theo loại ngân hàng, chưa đối chiếu từng website)"
hdbank,card,"category_based (theo loại ngân hàng, chưa đối chiếu từng website)"
hdbank,corporate-banking,"category_based (theo loại ngân hàng, chưa đối chiếu từng website)"
hdbank,deposit-savings,"category_based (theo loại ngân hàng, chưa đối chiếu từng website)"
hdbank,digital-banking,"category_based (theo loại ngân hàng, chưa đối chiếu từng website)"
hdbank,payment-transfer,"category_based (theo loại ngân hàng, chưa đối chiếu từng website)"
hdbank,retail-loan,"category_based (theo loại ngân hàng, chưa đối chiếu từng website)"
hdbank,trade-finance,"category_based (theo loại ngân hàng, chưa đối chiếu từng website)"
lpbank,card,"category_based (theo loại ngân hàng, chưa đối chiếu từng website)"
lpbank,corporate-banking,"category_based (theo loại ngân hàng, chưa đối chiếu từng website)"
lpbank,deposit-savings,"category_based (theo loại ngân hàng, chưa đối chiếu từng website)"
lpbank,digital-banking,"category_based (theo loại ngân hàng, chưa đối chiếu từng website)"
lpbank,payment-transfer,"category_based (theo loại ngân hàng, chưa đối chiếu từng website)"
lpbank,retail-loan,"category_based (theo loại ngân hàng, chưa đối chiếu từng website)"
lpbank,trade-finance,"category_based (theo loại ngân hàng, chưa đối chiếu từng website)"
mbbank,card,"category_based (theo loại ngân hàng, chưa đối chiếu từng website)"
mbbank,corporate-banking,"category_based (theo loại ngân hàng, chưa đối chiếu từng website)"
mbbank,deposit-savings,"category_based (theo loại ngân hàng, chưa đối chiếu từng website)"
mbbank,digital-banking,"category_based (theo loại ngân hàng, chưa đối chiếu từng website)"
mbbank,payment-transfer,"category_based (theo loại ngân hàng, chưa đối chiếu từng website)"
mbbank,retail-loan,"category_based (theo loại ngân hàng, chưa đối chiếu từng website)"
mbbank,trade-finance,"category_based (theo loại ngân hàng, chưa đối chiếu từng website)"
mbv,card,"category_based (theo loại ngân hàng, chưa đối chiếu từng website)"
mbv,corporate-banking,"category_based (theo loại ngân hàng, chưa đối chiếu từng website)"
mbv,deposit-savings,"category_based (theo loại ngân hàng, chưa đối chiếu từng website)"
mbv,digital-banking,"category_based (theo loại ngân hàng, chưa đối chiếu từng website)"
mbv,payment-transfer,"category_based (theo loại ngân hàng, chưa đối chiếu từng website)"
mbv,retail-loan,"category_based (theo loại ngân hàng, chưa đối chiếu từng website)"
mbv,trade-finance,"category_based (theo loại ngân hàng, chưa đối chiếu từng website)"
msb,card,"category_based (theo loại ngân hàng, chưa đối chiếu từng website)"
msb,corporate-banking,"category_based (theo loại ngân hàng, chưa đối chiếu từng website)"
msb,deposit-savings,"category_based (theo loại ngân hàng, chưa đối chiếu từng website)"
msb,digital-banking,"category_based (theo loại ngân hàng, chưa đối chiếu từng website)"
msb,payment-transfer,"category_based (theo loại ngân hàng, chưa đối chiếu từng website)"
msb,retail-loan,"category_based (theo loại ngân hàng, chưa đối chiếu từng website)"
msb,trade-finance,"category_based (theo loại ngân hàng, chưa đối chiếu từng website)"
namabank,card,"category_based (theo loại ngân hàng, chưa đối chiếu từng website)"
namabank,corporate-banking,"category_based (theo loại ngân hàng, chưa đối chiếu từng website)"
namabank,deposit-savings,"category_based (theo loại ngân hàng, chưa đối chiếu từng website)"
namabank,digital-banking,"category_based (theo loại ngân hàng, chưa đối chiếu từng website)"
namabank,payment-transfer,"category_based (theo loại ngân hàng, chưa đối chiếu từng website)"
namabank,retail-loan,"category_based (theo loại ngân hàng, chưa đối chiếu từng website)"
namabank,trade-finance,"category_based (theo loại ngân hàng, chưa đối chiếu từng website)"
ncb,card,"category_based (theo loại ngân hàng, chưa đối chiếu từng website)"
ncb,corporate-banking,"category_based (theo loại ngân hàng, chưa đối chiếu từng website)"
ncb,deposit-savings,"category_based (theo loại ngân hàng, chưa đối chiếu từng website)"
ncb,digital-banking,"category_based (theo loại ngân hàng, chưa đối chiếu từng website)"
ncb,payment-transfer,"category_based (theo loại ngân hàng, chưa đối chiếu từng website)"
ncb,retail-loan,"category_based (theo loại ngân hàng, chưa đối chiếu từng website)"
ncb,trade-finance,"category_based (theo loại ngân hàng, chưa đối chiếu từng website)"
ocb,card,"category_based (theo loại ngân hàng, chưa đối chiếu từng website)"
ocb,corporate-banking,"category_based (theo loại ngân hàng, chưa đối chiếu từng website)"
ocb,deposit-savings,"category_based (theo loại ngân hàng, chưa đối chiếu từng website)"
ocb,digital-banking,"category_based (theo loại ngân hàng, chưa đối chiếu từng website)"
ocb,payment-transfer,"category_based (theo loại ngân hàng, chưa đối chiếu từng website)"
ocb,retail-loan,"category_based (theo loại ngân hàng, chưa đối chiếu từng website)"
ocb,trade-finance,"category_based (theo loại ngân hàng, chưa đối chiếu từng website)"
pvcombank,card,"category_based (theo loại ngân hàng, chưa đối chiếu từng website)"
pvcombank,corporate-banking,"category_based (theo loại ngân hàng, chưa đối chiếu từng website)"
pvcombank,deposit-savings,"category_based (theo loại ngân hàng, chưa đối chiếu từng website)"
pvcombank,digital-banking,"category_based (theo loại ngân hàng, chưa đối chiếu từng website)"
pvcombank,payment-transfer,"category_based (theo loại ngân hàng, chưa đối chiếu từng website)"
pvcombank,retail-loan,"category_based (theo loại ngân hàng, chưa đối chiếu từng website)"
pvcombank,trade-finance,"category_based (theo loại ngân hàng, chưa đối chiếu từng website)"
sacombank,card,"category_based (theo loại ngân hàng, chưa đối chiếu từng website)"
sacombank,corporate-banking,"category_based (theo loại ngân hàng, chưa đối chiếu từng website)"
sacombank,deposit-savings,"category_based (theo loại ngân hàng, chưa đối chiếu từng website)"
sacombank,digital-banking,"category_based (theo loại ngân hàng, chưa đối chiếu từng website)"
sacombank,payment-transfer,"category_based (theo loại ngân hàng, chưa đối chiếu từng website)"
sacombank,retail-loan,"category_based (theo loại ngân hàng, chưa đối chiếu từng website)"
sacombank,trade-finance,"category_based (theo loại ngân hàng, chưa đối chiếu từng website)"
scb,card,"category_based (theo loại ngân hàng, chưa đối chiếu từng website)"
scb,corporate-banking,"category_based (theo loại ngân hàng, chưa đối chiếu từng website)"
scb,deposit-savings,"category_based (theo loại ngân hàng, chưa đối chiếu từng website)"
scb,digital-banking,"category_based (theo loại ngân hàng, chưa đối chiếu từng website)"
scb,payment-transfer,"category_based (theo loại ngân hàng, chưa đối chiếu từng website)"
scb,retail-loan,"category_based (theo loại ngân hàng, chưa đối chiếu từng website)"
scb,trade-finance,"category_based (theo loại ngân hàng, chưa đối chiếu từng website)"
seabank,card,"category_based (theo loại ngân hàng, chưa đối chiếu từng website)"
seabank,corporate-banking,"category_based (theo loại ngân hàng, chưa đối chiếu từng website)"
seabank,deposit-savings,"category_based (theo loại ngân hàng, chưa đối chiếu từng website)"
seabank,digital-banking,"category_based (theo loại ngân hàng, chưa đối chiếu từng website)"
seabank,payment-transfer,"category_based (theo loại ngân hàng, chưa đối chiếu từng website)"
seabank,retail-loan,"category_based (theo loại ngân hàng, chưa đối chiếu từng website)"
seabank,trade-finance,"category_based (theo loại ngân hàng, chưa đối chiếu từng website)"
shb,card,"category_based (theo loại ngân hàng, chưa đối chiếu từng website)"
shb,corporate-banking,"category_based (theo loại ngân hàng, chưa đối chiếu từng website)"
shb,deposit-savings,"category_based (theo loại ngân hàng, chưa đối chiếu từng website)"
shb,digital-banking,"category_based (theo loại ngân hàng, chưa đối chiếu từng website)"
shb,payment-transfer,"category_based (theo loại ngân hàng, chưa đối chiếu từng website)"
shb,retail-loan,"category_based (theo loại ngân hàng, chưa đối chiếu từng website)"
shb,trade-finance,"category_based (theo loại ngân hàng, chưa đối chiếu từng website)"
shinhanvn,card,"category_based (theo loại ngân hàng, chưa đối chiếu từng website)"
shinhanvn,corporate-banking,"category_based (theo loại ngân hàng, chưa đối chiếu từng website)"
shinhanvn,deposit-savings,"category_based (theo loại ngân hàng, chưa đối chiếu từng website)"
shinhanvn,digital-banking,"category_based (theo loại ngân hàng, chưa đối chiếu từng website)"
shinhanvn,payment-transfer,"category_based (theo loại ngân hàng, chưa đối chiếu từng website)"
shinhanvn,retail-loan,"category_based (theo loại ngân hàng, chưa đối chiếu từng website)"
shinhanvn,trade-finance,"category_based (theo loại ngân hàng, chưa đối chiếu từng website)"
techcombank,card,"category_based (theo loại ngân hàng, chưa đối chiếu từng website)"
techcombank,corporate-banking,"category_based (theo loại ngân hàng, chưa đối chiếu từng website)"
techcombank,deposit-savings,"category_based (theo loại ngân hàng, chưa đối chiếu từng website)"
techcombank,digital-banking,"category_based (theo loại ngân hàng, chưa đối chiếu từng website)"
techcombank,payment-transfer,"category_based (theo loại ngân hàng, chưa đối chiếu từng website)"
techcombank,retail-loan,"category_based (theo loại ngân hàng, chưa đối chiếu từng website)"
techcombank,trade-finance,"category_based (theo loại ngân hàng, chưa đối chiếu từng website)"
tpbank,card,"category_based (theo loại ngân hàng, chưa đối chiếu từng website)"
tpbank,corporate-banking,"category_based (theo loại ngân hàng, chưa đối chiếu từng website)"
tpbank,deposit-savings,"category_based (theo loại ngân hàng, chưa đối chiếu từng website)"
tpbank,digital-banking,"category_based (theo loại ngân hàng, chưa đối chiếu từng website)"
tpbank,payment-transfer,"category_based (theo loại ngân hàng, chưa đối chiếu từng website)"
tpbank,retail-loan,"category_based (theo loại ngân hàng, chưa đối chiếu từng website)"
tpbank,trade-finance,"category_based (theo loại ngân hàng, chưa đối chiếu từng website)"
vbsp,deposit-savings,"category_based (theo loại ngân hàng, chưa đối chiếu từng website)"
vbsp,payment-transfer,"category_based (theo loại ngân hàng, chưa đối chiếu từng website)"
vbsp,policy-lending,"category_based (theo loại ngân hàng, chưa đối chiếu từng website)"
vcbneo,card,"category_based (theo loại ngân hàng, chưa đối chiếu từng website)"
vcbneo,corporate-banking,"category_based (theo loại ngân hàng, chưa đối chiếu từng website)"
vcbneo,deposit-savings,"category_based (theo loại ngân hàng, chưa đối chiếu từng website)"
vcbneo,digital-banking,"category_based (theo loại ngân hàng, chưa đối chiếu từng website)"
vcbneo,payment-transfer,"category_based (theo loại ngân hàng, chưa đối chiếu từng website)"
vcbneo,retail-loan,"category_based (theo loại ngân hàng, chưa đối chiếu từng website)"
vcbneo,trade-finance,"category_based (theo loại ngân hàng, chưa đối chiếu từng website)"
vdb,corporate-banking,"category_based (theo loại ngân hàng, chưa đối chiếu từng website)"
vdb,development-finance,"category_based (theo loại ngân hàng, chưa đối chiếu từng website)"
vdb,trade-finance,"category_based (theo loại ngân hàng, chưa đối chiếu từng website)"
vib,card,"category_based (theo loại ngân hàng, chưa đối chiếu từng website)"
vib,corporate-banking,"category_based (theo loại ngân hàng, chưa đối chiếu từng website)"
vib,deposit-savings,"category_based (theo loại ngân hàng, chưa đối chiếu từng website)"
vib,digital-banking,"category_based (theo loại ngân hàng, chưa đối chiếu từng website)"
vib,payment-transfer,"category_based (theo loại ngân hàng, chưa đối chiếu từng website)"
vib,retail-loan,"category_based (theo loại ngân hàng, chưa đối chiếu từng website)"
vib,trade-finance,"category_based (theo loại ngân hàng, chưa đối chiếu từng website)"
vietcombank,card,"category_based (theo loại ngân hàng, chưa đối chiếu từng website)"
vietcombank,corporate-banking,"category_based (theo loại ngân hàng, chưa đối chiếu từng website)"
vietcombank,deposit-savings,"category_based (theo loại ngân hàng, chưa đối chiếu từng website)"
vietcombank,digital-banking,"category_based (theo loại ngân hàng, chưa đối chiếu từng website)"
vietcombank,payment-transfer,"category_based (theo loại ngân hàng, chưa đối chiếu từng website)"
vietcombank,retail-loan,"category_based (theo loại ngân hàng, chưa đối chiếu từng website)"
vietcombank,trade-finance,"category_based (theo loại ngân hàng, chưa đối chiếu từng website)"
vietinbank,card,"category_based (theo loại ngân hàng, chưa đối chiếu từng website)"
vietinbank,corporate-banking,"category_based (theo loại ngân hàng, chưa đối chiếu từng website)"
vietinbank,deposit-savings,"category_based (theo loại ngân hàng, chưa đối chiếu từng website)"
vietinbank,digital-banking,"category_based (theo loại ngân hàng, chưa đối chiếu từng website)"
vietinbank,payment-transfer,"category_based (theo loại ngân hàng, chưa đối chiếu từng website)"
vietinbank,retail-loan,"category_based (theo loại ngân hàng, chưa đối chiếu từng website)"
vietinbank,trade-finance,"category_based (theo loại ngân hàng, chưa đối chiếu từng website)"
vpbank,card,"category_based (theo loại ngân hàng, chưa đối chiếu từng website)"
vpbank,corporate-banking,"category_based (theo loại ngân hàng, chưa đối chiếu từng website)"
vpbank,deposit-savings,"category_based (theo loại ngân hàng, chưa đối chiếu từng website)"
vpbank,digital-banking,"category_based (theo loại ngân hàng, chưa đối chiếu từng website)"
vpbank,payment-transfer,"category_based (theo loại ngân hàng, chưa đối chiếu từng website)"
vpbank,retail-loan,"category_based (theo loại ngân hàng, chưa đối chiếu từng website)"
vpbank,trade-finance,"category_based (theo loại ngân hàng, chưa đối chiếu từng website)"
