bank_id,internal_uri,name_vi,name_en,abbreviation,bank_type_id,headquarters_location_id,country_location_id,founded_year,official_website,source_url,retrieved_date,license
ABBANK,https://data.example.org/vietnam-banking/bank/abbank,Ngân hàng TMCP An Bình,An Binh Commercial Joint Stock Bank,ABBank,joint-stock-commercial,hanoi,vietnam,1993,https://abbank.vn/,https://en.wikipedia.org/wiki/List_of_banks_in_Vietnam,2026-10-06,CC-BY-SA-4.0
ACB,https://data.example.org/vietnam-banking/bank/acb,Ngân hàng TMCP Á Châu,Asia Commercial Joint Stock Bank,ACB,joint-stock-commercial,ho-chi-minh-city,vietnam,1993,https://www.acb.com.vn/,https://en.wikipedia.org/wiki/List_of_banks_in_Vietnam,2026-10-06,CC-BY-SA-4.0
AGRIBANK,https://data.example.org/vietnam-banking/bank/agribank,Ngân hàng Nông nghiệp và Phát triển Nông thôn Việt Nam,Vietnam Bank for Agriculture and Rural Development,Agribank,state-commercial,hanoi,vietnam,1988,https://www.agribank.com.vn/,https://en.wikipedia.org/wiki/List_of_banks_in_Vietnam,2026-10-06,CC-BY-SA-4.0
BACABANK,https://data.example.org/vietnam-banking/bank/bacabank,Ngân hàng TMCP Bắc Á,Bac A Commercial Joint Stock Bank,Bac A Bank,joint-stock-commercial,hanoi,vietnam,1994,https://www.baca-bank.vn/,https://en.wikipedia.org/wiki/List_of_banks_in_Vietnam,2026-10-06,CC-BY-SA-4.0
BIDV,https://data.example.org/vietnam-banking/bank/bidv,Ngân hàng TMCP Đầu tư và Phát triển Việt Nam,Joint Stock Commercial Bank for Investment and Development of Vietnam,BIDV,state-commercial,hanoi,vietnam,1957,https://www.bidv.com.vn/,https://en.wikipedia.org/wiki/List_of_banks_in_Vietnam,2026-10-06,CC-BY-SA-4.0
EXIMBANK,https://data.example.org/vietnam-banking/bank/eximbank,Ngân hàng TMCP Xuất Nhập khẩu Việt Nam,Vietnam Export Import Commercial Joint Stock Bank,Eximbank,joint-stock-commercial,ho-chi-minh-city,vietnam,1989,https://eximbank.com.vn/,https://en.wikipedia.org/wiki/List_of_banks_in_Vietnam,2026-10-06,CC-BY-SA-4.0
GPBANK,https://data.example.org/vietnam-banking/bank/gpbank,Ngân hàng Thương mại TNHH MTV Kỷ Nguyên Thịnh Vượng,Generation of Prosperity Sole Member Limited Commercial Bank,GPBank,private-domestic-commercial,hanoi,vietnam,1993,https://www.gpbank.com.vn/,https://en.wikipedia.org/wiki/List_of_banks_in_Vietnam,2026-10-06,CC-BY-SA-4.0
HDBANK,https://data.example.org/vietnam-banking/bank/hdbank,Ngân hàng TMCP Phát triển Thành phố Hồ Chí Minh,Ho Chi Minh City Development Joint Stock Commercial Bank,HDBank,joint-stock-commercial,ho-chi-minh-city,vietnam,1990,https://hdbank.com.vn/,https://en.wikipedia.org/wiki/List_of_banks_in_Vietnam,2026-10-06,CC-BY-SA-4.0
LPBANK,https://data.example.org/vietnam-banking/bank/lpbank,Ngân hàng TMCP Lộc Phát Việt Nam,Fortune Vietnam Joint Stock Commercial Bank,LPBank,joint-stock-commercial,hanoi,vietnam,2008,https://lpbank.com.vn/,https://en.wikipedia.org/wiki/List_of_banks_in_Vietnam,2026-10-06,CC-BY-SA-4.0
MBBANK,https://data.example.org/vietnam-banking/bank/mbbank,Ngân hàng TMCP Quân đội,Military Commercial Joint Stock Bank,MBBank,joint-stock-commercial,hanoi,vietnam,1994,https://www.mbbank.com.vn/,https://en.wikipedia.org/wiki/List_of_banks_in_Vietnam,2026-10-06,CC-BY-SA-4.0
MBV,https://data.example.org/vietnam-banking/bank/mbv,Ngân hàng TNHH MTV Việt Nam Hiện Đại,Modern Bank of Vietnam,MBV,private-domestic-commercial,hanoi,vietnam,2025,https://mbv.com.vn/,https://en.wikipedia.org/wiki/List_of_banks_in_Vietnam,2026-10-06,CC-BY-SA-4.0
MSB,https://data.example.org/vietnam-banking/bank/msb,Ngân hàng TMCP Hàng Hải Việt Nam,Vietnam Maritime Commercial Joint Stock Bank,MSB,joint-stock-commercial,hanoi,vietnam,1991,https://www.msb.com.vn/,https://en.wikipedia.org/wiki/List_of_banks_in_Vietnam,2026-10-06,CC-BY-SA-4.0
NAMABANK,https://data.example.org/vietnam-banking/bank/namabank,Ngân hàng TMCP Nam Á,Nam A Commercial Joint Stock Bank,Nam A Bank,joint-stock-commercial,ho-chi-minh-city,vietnam,1992,https://www.namabank.com.vn/,https://en.wikipedia.org/wiki/List_of_banks_in_Vietnam,2026-10-06,CC-BY-SA-4.0
NCB,https://data.example.org/vietnam-banking/bank/ncb,Ngân hàng TMCP Quốc Dân,National Citizen Commercial Joint Stock Bank,NCB,joint-stock-commercial,hanoi,vietnam,1995,https://www.ncb-bank.vn/,https://en.wikipedia.org/wiki/List_of_banks_in_Vietnam,2026-10-06,CC-BY-SA-4.0
OCB,https://data.example.org/vietnam-banking/bank/ocb,Ngân hàng TMCP Phương Đông,Orient Commercial Joint Stock Bank,OCB,joint-stock-commercial,ho-chi-minh-city,vietnam,1996,https://www.ocb.com.vn/,https://en.wikipedia.org/wiki/List_of_banks_in_Vietnam,2026-10-06,CC-BY-SA-4.0
PVCOMBANK,https://data.example.org/vietnam-banking/bank/pvcombank,Ngân hàng TMCP Đại Chúng Việt Nam,Vietnam Public Joint Stock Commercial Bank,PVcomBank,joint-stock-commercial,hanoi,vietnam,2013,https://www.pvcombank.com.vn/,https://en.wikipedia.org/wiki/List_of_banks_in_Vietnam,2026-10-06,CC-BY-SA-4.0
SACOMBANK,https://data.example.org/vietnam-banking/bank/sacombank,Ngân hàng TMCP Sài Gòn Thương Tín,Saigon Thuong Tin Commercial Joint Stock Bank,Sacombank,joint-stock-commercial,ho-chi-minh-city,vietnam,1991,https://www.sacombank.com.vn/,https://en.wikipedia.org/wiki/List_of_banks_in_Vietnam,2026-10-06,CC-BY-SA-4.0
SCB,https://data.example.org/vietnam-banking/bank/scb,Ngân hàng TMCP Sài Gòn,Saigon Joint Stock Commercial Bank,SCB,joint-stock-commercial,ho-chi-minh-city,vietnam,2012,https://www.scb.com.vn/,https://en.wikipedia.org/wiki/List_of_banks_in_Vietnam,2026-10-06,CC-BY-SA-4.0
SEABANK,https://data.example.org/vietnam-banking/bank/seabank,Ngân hàng TMCP Đông Nam Á,Southeast Asia Commercial Joint Stock Bank,SeABank,joint-stock-commercial,hanoi,vietnam,1994,https://www.seabank.com.vn/,https://en.wikipedia.org/wiki/List_of_banks_in_Vietnam,2026-10-06,CC-BY-SA-4.0
SHB,https://data.example.org/vietnam-banking/bank/shb,Ngân hàng TMCP Sài Gòn - Hà Nội,Saigon-Hanoi Commercial Joint Stock Bank,SHB,joint-stock-commercial,hanoi,vietnam,1993,https://www.shb.com.vn/,https://en.wikipedia.org/wiki/List_of_banks_in_Vietnam,2026-10-06,CC-BY-SA-4.0
SHINHANVN,https://data.example.org/vietnam-banking/bank/shinhanvn,Ngân hàng TNHH MTV Shinhan Việt Nam,Shinhan Bank Vietnam Limited,Shinhan Bank Vietnam,foreign-owned,ho-chi-minh-city,vietnam,2008,https://shinhan.com.vn/,https://en.wikipedia.org/wiki/List_of_banks_in_Vietnam,2026-10-06,CC-BY-SA-4.0
TECHCOMBANK,https://data.example.org/vietnam-banking/bank/techcombank,Ngân hàng TMCP Kỹ thương Việt Nam,Vietnam Technological and Commercial Joint Stock Bank,Techcombank,joint-stock-commercial,hanoi,vietnam,1993,https://techcombank.com/,https://en.wikipedia.org/wiki/List_of_banks_in_Vietnam,2026-10-06,CC-BY-SA-4.0
TPBANK,https://data.example.org/vietnam-banking/bank/tpbank,Ngân hàng TMCP Tiên Phong,Tien Phong Commercial Joint Stock Bank,TPBank,joint-stock-commercial,hanoi,vietnam,2008,https://tpb.vn/,https://en.wikipedia.org/wiki/List_of_banks_in_Vietnam,2026-10-06,CC-BY-SA-4.0
VBSP,https://data.example.org/vietnam-banking/bank/vbsp,Ngân hàng Chính sách Xã hội Việt Nam,Vietnam Bank for Social Policies,VBSP,policy-bank,hanoi,vietnam,2002,https://vbsp.org.vn/,https://en.wikipedia.org/wiki/List_of_banks_in_Vietnam,2026-10-06,CC-BY-SA-4.0
VCBNEO,https://data.example.org/vietnam-banking/bank/vcbneo,Ngân hàng TNHH MTV Ngoại thương Công nghệ số,Vietcombank Neo,VCBNeo,state-commercial,ho-chi-minh-city,vietnam,2025,https://vcbneo.com.vn/,https://en.wikipedia.org/wiki/List_of_banks_in_Vietnam,2026-10-06,CC-BY-SA-4.0
VDB,https://data.example.org/vietnam-banking/bank/vdb,Ngân hàng Phát triển Việt Nam,Vietnam Development Bank,VDB,policy-bank,hanoi,vietnam,2006,https://vdb.gov.vn/,https://en.wikipedia.org/wiki/List_of_banks_in_Vietnam,2026-10-06,CC-BY-SA-4.0
VIB,https://data.example.org/vietnam-banking/bank/vib,Ngân hàng TMCP Quốc tế Việt Nam,Vietnam International Commercial Joint Stock Bank,VIB,joint-stock-commercial,ho-chi-minh-city,vietnam,1996,https://www.vib.com.vn/,https://en.wikipedia.org/wiki/List_of_banks_in_Vietnam,2026-10-06,CC-BY-SA-4.0
VIETCOMBANK,https://data.example.org/vietnam-banking/bank/vietcombank,Ngân hàng TMCP Ngoại thương Việt Nam,Joint Stock Commercial Bank for Foreign Trade of Vietnam,Vietcombank,state-commercial,hanoi,vietnam,1963,https://www.vietcombank.com.vn/,https://en.wikipedia.org/wiki/List_of_banks_in_Vietnam,2026-10-06,CC-BY-SA-4.0
VIETINBANK,https://data.example.org/vietnam-banking/bank/vietinbank,Ngân hàng TMCP Công thương Việt Nam,Vietnam Joint Stock Commercial Bank for Industry and Trade,VietinBank,state-commercial,hanoi,vietnam,1988,https://www.vietinbank.vn/,https://en.wikipedia.org/wiki/List_of_banks_in_Vietnam,2026-10-06,CC-BY-SA-4.0
VPBANK,https://data.example.org/vietnam-banking/bank/vpbank,Ngân hàng TMCP Việt Nam Thịnh Vượng,Vietnam Prosperity Joint Stock Commercial Bank,VPBank,joint-stock-commercial,hanoi,vietnam,1993,https://www.vpbank.com.vn/,https://en.wikipedia.org/wiki/List_of_banks_in_Vietnam,2026-10-06,CC-BY-SA-4.0
