subject_id,subject_type,predicate,target_dataset,external_uri,method,evidence_url,confidence,verified_date
abbank,bank,owl:sameAs,Wikidata,http://www.wikidata.org/entity/Q10800288,wikidata-search,https://www.wikidata.org/wiki/Q10800288,medium,2026-10-09
acb,bank,owl:sameAs,DBpedia,http://dbpedia.org/resource/Asia_Commercial_Bank,wikipedia-title,https://en.wikipedia.org/wiki/Asia_Commercial_Bank,medium,2026-10-06
acb,bank,owl:sameAs,Wikidata,http://www.wikidata.org/entity/Q727019,wikidata-search,https://www.wikidata.org/wiki/Q727019,medium,2026-10-06
agribank,bank,owl:sameAs,DBpedia,http://dbpedia.org/resource/Agribank_(Vietnam),dbpedia-page-check,https://dbpedia.org/page/Vietnam_Bank_for_Agriculture_and_Rural_Development,high,2026-10-06
agribank,bank,owl:sameAs,Wikidata,http://www.wikidata.org/entity/Q1924723,dbpedia-sameAs,https://dbpedia.org/page/Vietnam_Bank_for_Agriculture_and_Rural_Development,high,2026-10-06
bidv,bank,owl:sameAs,DBpedia,http://dbpedia.org/resource/Bank_for_Investment_and_Development_of_Vietnam,dbpedia-page-check,https://dbpedia.org/page/BIDV,high,2026-10-06
bidv,bank,owl:sameAs,Wikidata,http://www.wikidata.org/entity/Q1003180,dbpedia-sameAs,https://dbpedia.org/page/BIDV,high,2026-10-06
eximbank,bank,owl:sameAs,DBpedia,http://dbpedia.org/resource/Eximbank_(Vietnam),dbpedia-page-check,https://dbpedia.org/page/Eximbank_(Vietnam),high,2026-10-09
eximbank,bank,owl:sameAs,Wikidata,http://www.wikidata.org/entity/Q10800271,wikidata-search,https://www.wikidata.org/wiki/Q10800271,low,2026-10-09
hdbank,bank,owl:sameAs,Wikidata,http://www.wikidata.org/entity/Q10800273,wikidata-search,https://www.wikidata.org/wiki/Q10800273,medium,2026-10-09
lpbank,bank,owl:sameAs,Wikidata,http://www.wikidata.org/entity/Q15729124,wikidata-search,https://www.wikidata.org/wiki/Q15729124,medium,2026-10-09
mbbank,bank,owl:sameAs,Wikidata,http://www.wikidata.org/entity/Q10800269,wikidata-search,https://www.wikidata.org/wiki/Q10800269,medium,2026-10-09
msb,bank,owl:sameAs,Wikidata,http://www.wikidata.org/entity/Q10800277,wikidata-search,https://www.wikidata.org/wiki/Q10800277,medium,2026-10-09
namabank,bank,owl:sameAs,Wikidata,http://www.wikidata.org/entity/Q10800266,wikidata-search,https://www.wikidata.org/wiki/Q10800266,medium,2026-10-09
ocb,bank,owl:sameAs,DBpedia,http://dbpedia.org/resource/Orient_Commercial_Joint_Stock_Bank,dbpedia-page-check,https://dbpedia.org/page/Orient_Commercial_Bank,high,2026-10-06
ocb,bank,owl:sameAs,Wikidata,http://www.wikidata.org/entity/Q7102288,dbpedia-sameAs,https://dbpedia.org/page/Orient_Commercial_Bank,high,2026-10-06
pvcombank,bank,owl:sameAs,Wikidata,http://www.wikidata.org/entity/Q65171780,wikidata-search,https://www.wikidata.org/wiki/Q65171780,medium,2026-10-09
sacombank,bank,owl:sameAs,Wikidata,http://www.wikidata.org/entity/Q6123772,wikidata-search,https://www.wikidata.org/wiki/Q6123772,medium,2026-10-06
scb,bank,owl:sameAs,Wikidata,http://www.wikidata.org/entity/Q101575325,wikidata-search,https://www.wikidata.org/wiki/Q101575325,medium,2026-10-09
seabank,bank,owl:sameAs,Wikidata,http://www.wikidata.org/entity/Q10800276,wikidata-search,https://www.wikidata.org/wiki/Q10800276,medium,2026-10-09
shb,bank,owl:sameAs,Wikidata,http://www.wikidata.org/entity/Q124465825,wikidata-search,https://www.wikidata.org/wiki/Q124465825,medium,2026-10-06
techcombank,bank,owl:sameAs,DBpedia,http://dbpedia.org/resource/Techcombank,wikipedia-title,https://en.wikipedia.org/wiki/Techcombank,medium,2026-10-06
techcombank,bank,owl:sameAs,Wikidata,http://www.wikidata.org/entity/Q10541776,wikidata-search,https://www.wikidata.org/wiki/Q10541776,medium,2026-10-06
tpbank,bank,owl:sameAs,Wikidata,http://www.wikidata.org/entity/Q7801033,wikidata-search,https://www.wikidata.org/wiki/Q7801033,medium,2026-10-09
vbsp,bank,owl:sameAs,Wikidata,http://www.wikidata.org/entity/Q10800262,wikidata-search,https://www.wikidata.org/wiki/Q10800262,medium,2026-10-09
vdb,bank,owl:sameAs,Wikidata,http://www.wikidata.org/entity/Q10800267,wikidata-search,https://www.wikidata.org/wiki/Q10800267,medium,2026-10-09
vib,bank,owl:sameAs,Wikidata,http://www.wikidata.org/entity/Q49054349,wikidata-search,https://www.wikidata.org/wiki/Q49054349,medium,2026-10-09
vietcombank,bank,owl:sameAs,DBpedia,http://dbpedia.org/resource/Vietcombank,dbpedia-page-check,https://dbpedia.org/page/Vietcombank,high,2026-10-06
vietcombank,bank,owl:sameAs,Wikidata,http://www.wikidata.org/entity/Q6122995,dbpedia-sameAs,https://dbpedia.org/page/Vietcombank,high,2026-10-06
vietinbank,bank,owl:sameAs,DBpedia,http://dbpedia.org/resource/Vietinbank,dbpedia-page-check,https://dbpedia.org/page/VietinBank,high,2026-10-06
vietinbank,bank,owl:sameAs,Wikidata,http://www.wikidata.org/entity/Q7928459,dbpedia-sameAs,https://dbpedia.org/page/VietinBank,high,2026-10-06
vpbank,bank,owl:sameAs,Wikidata,http://www.wikidata.org/entity/Q20025914,wikidata-search,https://www.wikidata.org/wiki/Q20025914,medium,2026-10-09
hanoi,location,owl:sameAs,DBpedia,http://dbpedia.org/resource/Hanoi,dbpedia-page-check,https://dbpedia.org/page/Hanoi,high,2026-10-06
hanoi,location,owl:sameAs,Wikidata,http://www.wikidata.org/entity/Q1858,wikidata-search,https://www.wikidata.org/wiki/Q1858,high,2026-10-06
ho-chi-minh-city,location,owl:sameAs,DBpedia,http://dbpedia.org/resource/Ho_Chi_Minh_City,dbpedia-page-check,https://dbpedia.org/page/Ho_Chi_Minh_City,high,2026-10-06
ho-chi-minh-city,location,owl:sameAs,Wikidata,http://www.wikidata.org/entity/Q1854,wikidata-search,https://www.wikidata.org/wiki/Q1854,high,2026-10-06
vietnam,location,owl:sameAs,DBpedia,http://dbpedia.org/resource/Vietnam,wikipedia-title,https://en.wikipedia.org/wiki/Vietnam,high,2026-10-06
vietnam,location,owl:sameAs,Wikidata,http://www.wikidata.org/entity/Q881,wikidata-search,https://www.wikidata.org/wiki/Q881,high,2026-10-06
